cluster,song
0,Rain
0,Freedom
0,IWantYou
0,Shine
0,CallMeTheBreeze
0,Whisper
0,HoldOn
0,Untitled
0,Run
0,Alone
0,Angel
0,AllNightLong
0,AutumnLeaves
0,LushLife
0,IMissYou
0,GeorgiaOnMyMind
0,AmazingGrace
0,ATimeForLove
0,Changes
1,Tonight
1,Smile
1,HoldOn
1,WithoutYou
1,Stay
1,Paradise
1,Shine
1,Fire
1,Trouble
1,Rain
1,Sunshine
1,Heaven
1,Time
1,Money
1,WakeUp
1,You
1,Down
1,TellMe
1,IBelieve
2,MyChemicalRomanceWelcomesYouToTheBlackParade
2,GalacticOdyssey
2,OralFixation
2,F\xc3\x83\xc2\xbcnfFreunde5...undderZaubererWu
2,Center
2,West
2,TheRiverI(AlternativeMix)
2,MakingSenseofM.E
2,GardenOfStones
2,MembersSelectSpecialBonusMix(FreeBonusmixwithfullalbumdownload)
2,MonolitheII
2,OV
2,Raag-ShuddhaKalyan(Language
2,Clocker
2,ElNeel
2,OceanOfInnocence
2,Rimsky-Korsakov
3,Untitled
3,JingleBellRock
3,Outro
3,Interlude
3,WinterWonderland
3,Raunchy
3,Stay
3,SantaClausIsComingToTown
3,LetTheGoodTimesRoll
3,JanaGanaMana
3,BonusTrack
3,MainTitle
3,Butterfly
3,Lollipop
3,Sheila
3,Intermission
3,BlueMoon
4,Reflections
4,HoldOn
4,Stay
4,Angel
4,Again
4,Battery
4,BackToNature
4,SophisticatedLady
4,Crazy
4,Fire
4,Untitled
4,Free
4,Music
4,Revolution
4,Fever
4,Down
4,SilentNight
4,AtTheGallowsEnd
4,GoingDown
4,CrazyWorld
5,ChildInTime
5,AutumnLeaves
5,StellaByStarlight
5,2.Adagio
5,Ghosts
5,Medley
5,MyFunnyValentine
5,Eclipse
5,BackToYou
5,Solar
5,Catch
5,SacredCycles
5,FrenchKiss
5,Aurora
5,Moments
5,KomaKoma
5,Rosalita(ComeOutTonight)
5,BonusTrack
5,Pegasus
6,Interlude
6,Outro
6,Untitled
6,Skit
6,Introduction
6,Freestyle
6,Intro(AlbumVersion)
6,BonusTrack
6,Conversation
6,Prelude
6,Finale
6,Instrumental
6,WeWishYouAMerryChristmas
6,Interlude2
6,...
6,Interlude1
6,Prologue
6,HiddenTrack
6,LightsOut
7,Fire
7,Untitled
7,Runaway
7,SaturdayNight
7,SantaClausIsComingToTown
7,HoundDog
7,LittleStar
7,MyBabe
7,She
7,Superstar
7,LaBamba
7,NightAndDay
7,SeaCruise
7,SixteenTons
7,Money
7,Home
7,Time
7,Sugar
8,Rain
8,SlowDown
8,Time
8,Freedom
8,HoldOn
8,BonusTrack
8,Home
8,Untitled
8,Angel
8,Circles
8,Life
8,Tonight
8,WakeUp
8,IWantYou
8,Lies
8,You
8,Goodbye
8,Everything
8,Shine
8,Free
9,SubliminalmitNaturgeraeuschen
9,Impressions
9,MyFavoriteThings
9,"""PianoSonataNo.29inBflatmajorOp.106""""Hammerklavier""""(2005DigitalRemaster)"
9,AshesAreBurning
9,RagaMalika
9,JaiTaal
9,LineofFire
9,&AndTheDayTurnedToNight
9,Bahu-Rang
9,GreenGrassAndHighTides
9,ElectricBlend
9,Untitled
9,RaagJaunpuri
9,ConciertoDeAranjuez
9,Raaga
9,Bells
9,Gat
9,Medley
10,Summertime
10,LetItGo
10,Forever
10,Sometimes
10,Smile
10,Love
10,Free
10,Heaven
10,Untitled
10,Crazy
10,NoMore
10,Shine
10,Angel
10,SaveMe
10,Time
10,TheChristmasSong
10,Lullaby
10,Stay
10,ThankYou
11,Alloftheabove
11,RagaMaruBihag
11,Gat
11,Shikwa
11,MittiKiMoorat
11,SeeJam_HearJam_FeelJam
11,ComedyinMusic_PartI
11,AllahhijanekaunbasharHai
11,Raga-AhirBhairav-
11,Iltempiointeriore
11,SymphonyNo.9inDminor_OriginalVersion(1887-94)/Feierlich_misterioso
11,Taganwendung
11,StarlessAndBibleBlackSabbath
11,TheLighterSideofGravity(Live)
11,ParabolicsStudies2
11,RagaYaman
11,\xc3\x82\xc2\xbf\xc3\x82\xc2\xbf\xc3\x82\xc2\xbf\xc3\x82\xc2\xbf\xc3\x82\xc2\xbf\xc3\x82\xc2\xbf.
11,LiveKFJC2005(entireset)
12,Time
12,Home
12,Heaven
12,ShineOn
12,Believe
12,Silence
12,Always
12,Greece2000
12,EveryWord
12,Forever
12,Passion
12,Untitled
12,Gravity
12,FollowMe
12,Midnight
12,Cry
12,Infinity
12,Memories
12,Metropolitan
13,2.Adagio
13,WelcometothePleasuredome
13,Medley
13,Spiritual
13,4.Allegroconfuoco
13,Myrah
13,Part2
13,CalvaryCross
13,I
13,FreeBird
13,FunkyOnMyBack
13,ALoveSupreme
13,OutOfThisWorld
13,KingdomCome
13,Water
13,Origins
14,Tonight
14,HoldOn
14,Untitled
14,Smile
14,Shine
14,Down
14,Heaven
14,Home
14,Stay
14,IBelieve
14,TouchMe
14,Summertime
14,Runaway
14,War
14,Alive
14,Sunshine
14,Time
14,TheEnd
14,WithoutYou
14,WalkAway
15,Time
15,Forever
15,Life
15,LetMeBe
15,Paradise
15,TellMe
15,Untitled
15,Fire
15,WithoutYou
15,Home
15,Free
15,Sunrise
15,Heaven
15,Ghosts
15,IBelieve
15,Desire
15,Freedom
15,Lost
16,Outro
16,BlueSuedeShoes
16,AtTheHop
16,PartyDoll
16,Untitled
16,Money
16,ChantillyLace
16,SixDaysOnTheRoad
16,TheBattleOfNewOrleans
16,You
16,MyBabe
16,TigerRag
16,JailhouseRock
16,SomethingElse
16,BurnThatCandle
16,RockIslandLine
17,GeorgiaOnMyMind
17,Stardust
17,AChildIsBorn
17,AutumnLeaves
17,Peace
17,TheEnd
17,BodyAndSoul
17,WakeUp
17,Breakdown
17,Fever
17,Untitled
17,Caravan
17,Summertime
17,Remember
17,Imagination
17,Silence
17,Hallelujah
17,BodyandSoul
17,WatermelonMan
18,MapleLeafRag
18,Revolution
18,WithoutYou
18,Superstar
18,TurnItUp
18,Relax
18,Maria
18,SomethingDoing
18,TuTraicion
18,TheRhumbaBoogie
18,Enemies
18,JazzMeBlues
18,Fantasy
18,LostAndFound
18,Conversation
18,Lies
18,Paranoid
18,TeSigoAmando
19,WhiteChristmas
19,Stardust
19,Smile
19,Intro
19,TheChristmasSong
19,Untitled
19,SilverBells
19,Home
19,Summertime
19,AmazingGrace
19,OverTheRainbow
19,StormyWeather
19,TrueLove
19,Sincerely
19,GeorgiaOnMyMind
19,Goodbye
19,HaveYourselfAMerryLittleChristmas
19,LittleThingsMeanALot
19,TheFirstNoel
20,Change
20,Fire
20,Home
20,Infinity
20,Freedom
20,Forever
20,Shine
20,Passion
20,Silence
20,Relax
20,Breathe
20,Gloria
20,Untitled
20,Paradise
20,Lost
20,Everybody
20,TheFeeling
20,Believe
20,ShineOn
21,Time
21,Lost
21,Reflections
21,Sunrise
21,Tremble
21,Feelings
21,Greece2000
21,Home
21,WeAreOne
21,TheWeekend
21,Untitled
21,BucciBag
21,Silence
21,Echoes
21,Everytime
21,RememberMe
21,Believe
21,WhereAreYou
21,Beautiful
22,Outro
22,SilentNight
22,Untitled
22,Interlude
22,Introduction
22,Tequila
22,AmazingGrace
22,MysteryTrain
22,Lullaby
22,RockAroundTheClock
22,Freestyle
22,WhiteChristmas
22,JoyToTheWorld
22,BeautyAndTheBeast
22,When
22,HeartbreakHotel
22,OneFineDay
22,IBelieve
22,WhyDoFoolsFallInLove
23,Medley
23,RhapsodyInBlue
23,MyFavoriteThings
23,Mynewworld
23,ForRichard
23,PicturesAtAnExhibition
23,Bells
23,MachineGun
23,AllDayLong
23,Ronde
23,LetUsGoIntoTheHouseOfTheLord
23,Still
23,DreamofStone
23,TheLoveInYourEye
23,AllNightLong
23,Mantra
23,BrokenMirrorsApril28th_2000(Live)
23,PartI
23,ThisIsTheChosenFew
24,Interlude
24,Outro
24,Introduction
24,Untitled
24,Skit
24,BonusTrack
24,Prelude
24,Intro(AlbumVersion)
24,Freestyle
24,Prologue
24,Overture
24,Reprise
24,Dialogue
24,HiddenTrack
24,Intermission
24,(Untitled)
24,Interlude2
24,Finale
24,Untitiled
25,Time
25,Home
25,Forever
25,Why
25,Summertime
25,OHolyNight
25,HoldOn
25,AveMaria
25,Everything
25,Goodbye
25,Smile
25,Heaven
25,Crazy
25,You
25,Breathe
25,Sometimes
25,AmazingGrace
25,Shine
25,Revolution
26,WinterWonderland
26,WhiteChristmas
26,Untitled
26,Intro
26,Summertime
26,YoungLove
26,SleighRide
26,Maybe
26,JustBecause
26,WhenAManLovesAWoman
26,Tonight
26,OnlyYou
26,IBelieve
26,TheEndOfTheWorld
26,JustACloserWalkWithThee
26,SilverBells
26,KansasCity
26,TrueLove
26,YouAreMySunshine
27,HoldOn
27,Time
27,Crazy
27,Someday
27,CallMe
27,Stay
27,Fire
27,Runaway
27,Why
27,Alone
27,Beautiful
27,WakeUp
27,AMomentOfSilence
27,Goodbye
27,Tonight
27,Summertime
27,Love
27,Angel
27,TellMe
28,Goodbye
28,You
28,Angel
28,Time
28,Home
28,Stay
28,HoldOn
28,Paradise
28,Untitled
28,Alone
28,Change
28,Breathe
28,Forever
28,IBelieve
28,Ride
28,Mama
28,AveMaria
28,Always
28,Sunshine
29,GoingDown
29,ThinkTwice
29,FaintingInCoils
29,NonsenseInTheDark
29,Free
29,Spirals
29,Dibiza
29,Mother
29,Jewel
29,PreciousThings
29,Destiny
29,Lullaby
29,LoPuro
29,Smile
29,SoLonely
29,FlyAway
29,BodyAndSoul
